dweq,01100100011101110110010101110001
wlnu,01110111011011000110111001110101
bhfy,01100010011010000110011001111001
pmlb,01110000011011010110110001100010
pmck,01110000011011010110001101101011
uhvr,01110101011010000111011001110010
vikb,01110110011010010110101101100010
ooyf,01101111011011110111100101100110
lstf,01101100011100110111010001100110
ksho,01101011011100110110100001101111
vmuv,01110110011011010111010101110110
lcew,01101100011000110110010101110111
ekwh,01100101011010110111011101101000
xhwb,01111000011010000111011101100010
nbwu,01101110011000100111011101110101
jvle,01101010011101100110110001100101
mvge,01101101011101100110011101100101
wmbo,01110111011011010110001001101111
owox,01101111011101110110111101111000
wjyc,01110111011010100111100101100011
rngl,01110010011011100110011101101100
pruu,01110000011100100111010101110101
kcbr,01101011011000110110001001110010
zmhk,01111010011011010110100001101011
bkko,01100010011010110110101101101111
dfds,01100100011001100110010001110011
fsqc,01100110011100110111000101100011
iskr,01101001011100110110101101110010
esin,01100101011100110110100101101110
yxbi,01111001011110000110001001101001
fhbo,01100110011010000110001001101111
yguy,01111001011001110111010101111001
sqwh,01110011011100010111011101101000
blrx,01100010011011000111001001111000
vyvz,01110110011110010111011001111010
qnsk,01110001011011100111001101101011
vcwc,01110110011000110111011101100011
vefs,01110110011001010110011001110011
wzvv,01110111011110100111011001110110
hlxl,01101000011011000111100001101100
agee,01100001011001110110010101100101
latc,01101100011000010111010001100011
cdch,01100011011001000110001101101000
pwqw,01110000011101110111000101110111
aaid,01100001011000010110100101100100
tgby,01110100011001110110001001111001
akoy,01100001011010110110111101111001
srkn,01110011011100100110101101101110
lull,01101100011101010110110001101100
kpuo,01101011011100000111010101101111
tdxl,01110100011001000111100001101100
fvfk,01100110011101100110011001101011
wxgt,01110111011110000110011101110100
smen,01110011011011010110010101101110
caob,01100011011000010110111101100010
haxg,01101000011000010111100001100111
uwix,01110101011101110110100101111000
gina,01100111011010010110111001100001
lyfb,01101100011110010110011001100010
gmzg,01100111011011010111101001100111
bbnx,01100010011000100110111001111000
xwng,01111000011101110110111001100111
qgxu,01110001011001110111100001110101
ebzx,01100101011000100111101001111000
yydw,01111001011110010110010001110111
jwnz,01101010011101110110111001111010
fpwo,01100110011100000111011101101111
rstn,01110010011100110111010001101110
zgbx,01111010011001110110001001111000
ocyx,01101111011000110111100101111000
mixo,01101101011010010111100001101111
ndbm,01101110011001000110001001101101
txwm,01110100011110000111011101101101
zunq,01111010011101010110111001110001
dzbx,01100100011110100110001001111000
uica,01110101011010010110001101100001
mvqp,01101101011101100111000101110000
nsmk,01101110011100110110110101101011
bahu,01100010011000010110100001110101
hpui,01101000011100000111010101101001
kojy,01101011011011110110101001111001
etip,01100101011101000110100101110000
mrao,01101101011100100110000101101111
qyhn,01110001011110010110100001101110
mfdi,01101101011001100110010001101001
gbad,01100111011000100110000101100100
mhft,01101101011010000110011001110100
rsrj,01110010011100110111001001101010
drkt,01100100011100100110101101110100
kzms,01101011011110100110110101110011
vbuf,01110110011000100111010101100110
kmks,01101011011011010110101101110011
yzmz,01111001011110100110110101111010
atuu,01100001011101000111010101110101
ngqy,01101110011001110111000101111001
dwvv,01100100011101110111011001110110
xkiy,01111000011010110110100101111001
gymb,01100111011110010110110101100010
kjun,01101011011010100111010101101110
vbih,01110110011000100110100101101000
bmio,01100010011011010110100101101111
nift,01101110011010010110011001110100
